"PCA1","PCA2","PCA3","PCA4","PCA5","UMAP1","UMAP2","cell_id"
-154.89,33.7764,20.3589,45.7761,12.5194,8.4084,-2.82116,"X564426"
-115.044,-30.9791,24.2951,20.8634,-28.2521,7.93953,-1.37873,"X756945"
-131.808,2.1424,31.1085,49.8309,-22.9924,8.29192,-2.5412,"X585688"
-140.695,-36.032,-22.5353,40.4394,5.28789,7.98417,-1.70739,"X183411"
-119.12,-30.6921,42.7138,45.5113,-44.5843,8.18792,-2.14722,"X474280"
-120.956,35.395,25.9936,60.1638,11.4875,8.42737,-2.77258,"X718644"
-145.003,-5.974,-8.44819,5.4329,22.3991,8.24461,-2.14381,"X411378"
-113.285,-42.1087,-27.4808,53.3767,-14.1781,7.82944,-1.30306,"X371027"
-125.065,12.9318,27.7954,60.8432,8.02821,8.34148,-2.77208,"X430472"
-111.105,-45.0276,-34.4369,11.7989,-3.73575,7.9286,-1.07913,"X304833"
-119.972,-31.7885,4.69503,43.5335,-6.18707,7.84245,-1.38063,"X729287"
-85.9726,4.03646,56.2663,22.8856,-29.2315,8.57033,-2.78167,"X543188"
-90.372,22.9962,21.572,12.0654,13.4852,9.51371,-2.82763,"X116843"
-113.065,0.260299,16.3398,41.1263,-5.83272,7.93945,-1.81562,"X626401"
-90.8488,20.4984,34.7359,6.19684,-14.3652,8.66059,-2.81067,"X864533"
-82.5102,-6.79017,-4.13265,-5.45016,6.25396,8.3185,-1.36524,"X408786"
-74.1468,24.0048,4.62192,-12.9185,27.0306,9.42942,-2.89671,"X269072"
-72.8876,36.6484,13.3171,-28.7901,6.14211,10.2749,-2.32367,"X704538"
-79.3405,-0.263988,1.9655,-26.9723,36.8299,8.34042,-2.02083,"X13553"
-90.1402,7.51492,-14.7631,72.9273,-48.1259,9.342,-2.37561,"X119620"
-99.1743,12.4679,21.6906,8.75817,-31.5789,8.47042,-1.84357,"X142031"
-80.9938,17.8422,11.0996,-15.7657,26.4238,9.38003,-2.82302,"X131630"
-73.9477,53.1699,-7.82403,11.8788,-11.0631,9.77342,-2.2421,"X81649"
-67.7329,30.6415,-6.27989,-16.9751,32.4088,10.9941,-2.73339,"X653805"
-59.9958,27.9667,-5.31625,-28.395,14.3151,10.377,-2.78343,"X212903"
-60.3612,-6.734,41.3805,2.36649,-41.5485,8.91334,-2.1701,"X257604"
-31.052,-42.1826,-27.9004,-15.782,-6.69849,8.13499,-0.633513,"X553717"
-47.2796,52.2065,-44.9575,-40.7227,-39.3549,13.1504,-3.13039,"X634078"
-72.9399,-33.7372,-25.1957,-23.5312,23.5743,8.71802,-0.83366,"X504924"
-73.9458,-24.1039,-15.2374,-37.4554,15.2196,8.97479,-1.37972,"X453751"
-62.2377,-20.5734,1.22109,-14.864,16.3573,9.47539,-2.15299,"X846196"
-31.7521,-48.7918,-2.17373,-30.5819,-9.6863,8.53999,-1.16293,"X711918"
-57.8654,-22.5483,1.69399,25.6486,-0.46754,8.63308,-1.42537,"X508816"
-51.3136,9.01363,4.11858,-25.3359,29.5971,9.6662,-2.58678,"X38747"
-57.881,53.6254,0.0869423,-40.2499,-4.49557,10.632,-2.9077,"X619572"
-57.4361,-59.1867,-23.3014,-16.5995,-11.462,8.41096,-0.629904,"X338409"
-68.5204,-13.259,8.3614,-37.4985,18.5644,8.66297,-1.3282,"X43422"
-51.8951,-12.7164,-12.3772,-28.1228,2.70101,8.57305,-1.82346,"X437402"
-66.2841,-4.02565,14.9837,0.297993,-4.36485,9.22204,-2.60589,"X12447"
-27.6769,27.6433,-7.64953,-24.205,-5.12553,9.92248,-2.92978,"X877576"
-63.5895,-78.5851,-23.9647,-5.81986,-5.69511,8.14052,-0.211715,"X635263"
-62.1977,18.1068,-3.74588,7.9841,46.4756,9.16666,-2.0697,"X368750"
-33.0676,72.1968,-52.5442,-29.4364,-51.9623,13.1879,-3.13883,"X621037"
-33.5999,13.8907,3.67829,-23.7634,-13.004,10.5745,-2.93232,"X593270"
-68.1112,34.7793,1.29202,-21.4104,35.4618,10.1222,-1.15611,"X438164"
-50.9468,21.0869,29.1402,47.0312,12.8367,8.74342,-2.27934,"X306977"
-36.9702,-9.54584,31.4877,-45.4931,7.91218,9.04953,-1.02124,"X85402"
-62.2358,-64.2376,-54.5991,-11.955,37.6335,8.40957,-0.0986815,"X451711"
-16.4167,0.215561,-16.2583,-22.1852,10.7259,9.85682,-2.22168,"X254277"
-68.8302,8.25025,30.0528,17.2361,-50.4477,8.7486,-2.68952,"X657505"
-36.6526,3.03937,28.3812,-30.7309,2.78218,9.67749,-1.63889,"X69952"
-47.029,-30.3621,-23.3486,-30.2709,-5.19882,9.75838,-1.42462,"X26693"
-50.6126,2.80219,17.7337,16.8456,-33.0358,9.25937,-1.74799,"X867044"
-32.9827,21.6671,5.57099,-38.1482,8.59115,9.83507,-2.29659,"X808381"
-40.1843,-31.6496,22.6083,-4.93139,-9.01363,9.40352,-0.633193,"X624847"
-44.2188,-44.2484,-32.0342,-35.792,2.02085,8.11172,-0.640122,"X851649"
-44.4146,-15.65,-15.5514,-41.8057,3.80258,8.55824,-0.901659,"X629154"
-44.0453,-40.9946,-3.95407,-36.5389,-7.6835,8.86411,-1.18697,"X264261"
-71.2875,-25.1676,3.51331,-15.1198,13.4235,8.87623,-1.17158,"X276298"
-25.5715,48.3282,-21.4816,-15.3779,-5.14567,12.1868,-2.64392,"X729720"
-14.6219,-57.6548,-50.1148,-9.20976,15.1791,8.0098,0.382798,"X730315"
-14.353,-15.7675,34.3348,0.692856,-7.51206,9.02409,-1.58219,"X471063"
-38.7866,-6.37398,1.60566,-16.4673,-4.49511,10.151,-2.02582,"X314963"
-39.3601,-35.3349,0.877415,9.33023,41.1888,8.88269,-0.332144,"X221822"
-30.7536,35.9025,-40.4354,-18.6293,-18.1089,13.1059,-2.60164,"X246861"
-46.6874,-27.7656,-31.2134,-37.4197,30.787,8.74208,-0.827992,"X755446"
-28.6857,7.27753,19.3122,-23.3431,-13.1406,10.5286,-2.05774,"X620607"
-30.5805,-1.73664,1.16698,-49.2067,-4.92066,9.60596,-0.344162,"X576938"
-15.8431,33.0182,17.3231,19.9757,9.69533,11.8149,-0.949881,"X20774"
-26.1724,50.1031,-37.5671,-10.3917,5.79563,13.0184,-2.85535,"X154558"
-15.6327,10.9606,20.0154,-8.67669,-13.8041,11.6427,-2.53407,"X52203"
-26.9787,58.1034,-44.645,12.0753,-13.1071,12.9141,-2.35918,"X257700"
-11.2522,28.7258,7.48946,-30.5277,11.1241,10.3652,-2.18776,"X795061"
-23.5373,-30.363,44.8779,36.8628,-30.3323,8.50856,-1.32758,"X749509"
-24.2267,-23.4123,15.7578,-18.4322,14.6632,8.98955,-0.775008,"X46444"
-5.47213,1.37982,37.7274,-33.3818,-0.460265,10.0538,-2.60126,"X374585"
-23.8909,30.8843,-32.007,-12.8367,-39.1823,12.9696,-2.6159,"X116787"
-25.2178,24.7234,4.13706,-37.316,27.0688,10.6975,-1.10769,"X182898"
-19.0895,2.86696,-36.4766,-9.79841,45.739,9.83798,0.106655,"X512587"
-8.07685,-20.3096,16.0376,-29.5034,-21.5408,9.22628,-1.58176,"X468657"
-25.7587,37.2725,-2.99878,-30.3267,6.06056,11.4649,-2.95537,"X427143"
-4.52808,10.7341,1.58633,-25.395,-19.178,11.7334,-2.42663,"X804231"
-26.5729,17.6638,18.2579,-35.627,19.9811,9.97185,-2.56598,"X13663"
-30.6403,6.61299,-0.50441,-17.2477,44.2196,10.9772,-1.78454,"X574730"
-16.9546,41.8256,-41.1147,16.817,9.05297,13.1654,-2.26434,"X512981"
-20.3239,34.1012,-12.658,-34.4884,-14.9775,10.3517,-1.47052,"X192563"
-27.0061,-23.0749,19.3791,-18.6118,-2.78766,9.56202,-1.18568,"X543123"
-42.1896,-45.5096,-35.885,-19.9872,30.4836,8.27307,0.252317,"X48604"
-0.0505543,44.7019,19.2713,-0.122264,-5.15081,12.1778,-2.01051,"X183794"
-2.5947,12.363,11.9653,-18.8544,13.0083,11.0677,-2.79859,"X267519"
-14.2722,34.0005,-11.8874,-15.9236,-6.51214,12.0425,-2.7103,"X105845"
-20.5735,31.1407,-7.38367,-21.3034,30.83,10.6373,-1.64714,"X852142"
-15.645,-10.4015,-18.0979,-19.046,-17.1826,9.81238,-0.577693,"X89812"
-7.19404,51.1356,-55.2174,9.27148,-20.9321,13.2576,-2.82845,"X306197"
-19.0856,-45.741,10.4382,-14.3235,-3.88207,8.92025,-0.777571,"X216738"
-3.42129,16.4785,-8.81503,2.86548,40.9237,11.6084,-1.46423,"X50847"
-24.6374,-13.2918,-17.783,-18.992,1.0961,7.93201,-0.0330246,"X333132"
-22.5902,-9.25107,12.4155,-33.0164,-20.3191,10.3168,-1.95069,"X463689"
-4.73432,-14.8244,32.3848,-31.1697,-2.91071,9.60134,-1.7167,"X48316"
-25.6005,35.7935,14.2585,-15.4796,-26.7069,11.6392,-2.62305,"X212750"
-28.5426,14.4547,23.703,-20.8147,18.5522,10.335,-0.968444,"X698036"
-38.1551,-32.2766,-0.462788,-19.2229,6.86522,8.89594,-0.684063,"X162389"
-7.19491,-4.91912,-42.3888,-25.9659,17.4835,10.0771,0.563331,"X20060"
-6.684,37.8162,-25.1945,16.3955,-19.1601,12.4013,-2.00453,"X846211"
-8.36521,-5.46502,-1.43243,-30.4285,21.7389,9.72348,-0.199368,"X576224"
-5.23532,45.3455,-10.0356,-7.11571,13.0359,11.5822,-2.34115,"X414507"
-5.03093,-24.5884,-27.9351,-23.8893,13.9703,8.6115100000000009,0.642158,"X463698"
-6.56599,6.66543,5.04109,-36.139,0.373303,10.0859,-1.59742,"X53046"
-16.5783,-10.1669,27.6466,-17.1617,-38.5381,10.498,-1.9727,"X40183"
-7.04478,10.9682,21.5658,-15.1509,23.2202,12.1969,0.28009,"X688955"
-2.12067,15.649,10.0008,-21.6611,7.11081,11.3041,0.311341,"X124251"
5.11327,18.426,11.2461,-9.2939,-15.4095,11.9385,-2.2182,"X579211"
4.60933,25.0882,-9.88524,30.435,13.3823,11.3632,0.226701,"X19343"
-10.0919,-33.4462,13.6645,-28.6931,-3.74271,8.80742,-1.06621,"X350952"
-3.96385,-19.9382,31.2798,-5.69938,0.656694,9.16634,-1.64209,"X161388"
-2.88504,29.4576,6.80042,-15.1114,2.13683,12.1657,-1.60679,"X408638"
-15.8135,40.1721,-2.69371,-13.2432,-7.3944,11.8231,-2.61155,"X184372"
19.1656,-39.6317,40.8,-2.05209,-19.4918,9.29872,-0.957137,"X151544"
-7.4187,-48.9689,5.01741,-12.017,-22.472,8.24521,-0.985015,"X329330"
-12.0093,-3.08103,18.2337,-13.2619,8.07597,10.5303,0.303018,"X58763"
3.03868,5.5129,20.4594,-24.1928,-12.169,10.6312,-2.77182,"X829703"
-6.98876,-18.2328,41.6474,-17.2476,-6.44364,9.6081,-1.09576,"X154087"
-0.290516,34.382,-8.80996,-4.0113,4.76147,11.8568,-2.80179,"X613637"
4.49975,26.8851,-7.93642,38.3045,4.55891,12.2659,-2.47223,"X113037"
2.65678,-12.0859,13.2108,-23.4331,2.76704,9.8264,-1.41172,"X185639"
-4.1582,17.3212,30.5813,-11.8616,-13.8267,11.4729,-0.528096,"X756459"
-7.30887,-2.87987,25.9428,-31.8462,5.26079,12.3013,-1.17948,"X655338"
9.15793,5.40593,11.8329,-27.5301,8.4497,11.6675,-1.32838,"X508417"
-7.55716,-21.4527,8.87707,-5.58541,1.88057,10.0255,-0.162404,"X700987"
5.20052,0.877302,3.61331,-29.5122,4.86508,10.5593,-1.35806,"X525108"
-26.4117,-6.84931,38.0644,12.6497,-17.3938,8.79239,-2.25595,"X434895"
8.86481,-20.848,29.7124,-14.0603,5.322,10.2881,-0.329419,"X528662"
-9.0315,31.7915,-55.5685,5.77677,-18.9741,12.8152,-2.79791,"X93697"
-8.69201,4.50458,14.8959,-20.459,16.7934,9.85396,-0.885198,"X375440"
1.53222,20.9382,-12.1739,8.63088,6.12771,11.3258,-0.403354,"X26701"
6.54716,27.122,5.23719,8.58777,24.3489,13.0713,-0.847871,"X214240"
1.24429,15.9449,16.6573,1.70391,18.3308,11.0786,-0.632735,"X128875"
-11.1565,-3.48755,21.3668,-2.16009,0.6323,10.0253,-0.674547,"X658883"
-8.88025,33.0149,-8.12473,22.4892,31.8079,12.4048,-1.82086,"X212403"
11.6578,38.4318,-17.0569,30.1256,-17.2581,12.4217,-2.18416,"X768556"
20.8789,13.4668,33.8169,-16.0337,15.5595,11.6737,-0.248656,"X760943"
17.8702,46.4592,-23.561,4.79535,-18.7238,13.4108,-2.63444,"X833630"
-1.94805,-6.1346,11.0706,-16.7089,11.0767,10.7616,-0.779487,"X842594"
-1.2111,-1.87756,9.91828,-23.1722,-8.97577,10.2787,-2.66732,"X728081"
9.68138,-1.95685,16.4054,-35.6864,-11.8369,10.0369,-2.45898,"X340892"
26.659300000000002,-19.6642,23.6618,-32.3235,-25.8696,10.1367,-1.75574,"X101764"
-7.53961,-0.601544,26.0942,6.31275,1.98847,11.0035,-0.565635,"X767862"
2.63851,10.1075,11.5338,-34.2373,-7.305,10.8937,-1.02954,"X538144"
-1.27366,31.948,5.82887,-27.4962,13.8045,10.3708,-2.28277,"X43380"
0.394715,21.0128,15.844,0.34693,23.6168,13.1556,-0.343269,"X199228"
-3.60182,-10.7248,38.5151,50.009,-22.6662,8.89307,-2.0999,"X868228"
-3.57351,24.3167,4.00118,4.06901,1.67977,12.212,-1.55944,"X302656"
20.2969,2.01275,11.6929,-10.6277,5.16595,12.2309,-1.41252,"X280109"
-18.2503,-9.74237,5.1891,-8.41117,25.1229,9.66691,-0.578856,"X660076"
13.5345,-42.0236,-20.6403,-5.67167,8.54286,8.2999,0.555975,"X516107"
6.67023,24.4469,15.9852,7.79786,22.9585,12.7812,-0.781699,"X861639"
9.82876,12.9936,17.934,-26.021,5.40346,10.7772,-1.57129,"X85740"
1.78078,-18.2893,34.7991,-4.15718,-13.4355,9.3034,-2.07297,"X266144"
11.3712,20.8052,12.3617,-10.402,-0.728522,12.0558,-2.71098,"X761561"
-4.41815,5.53237,6.8119,-9.93302,10.5209,10.5128,-0.131011,"X845500"
18.2107,1.7766,-6.14068,-28.891,10.1112,10.6329,-1.45797,"X699637"
10.7347,-2.1228,-29.5749,-34.3661,-10.5568,10.0868,0.509081,"X170137"
14.3618,10.3606,18.7691,-7.64753,3.55612,12.4753,-1.69545,"X214558"
13.4909,2.75118,22.5412,-11.1008,-4.29544,11.615,-1.21435,"X517760"
7.87839,22.1607,15.4946,-12.8273,6.49861,10.6271,-0.932702,"X484109"
10.5343,-80.1272,-47.9629,17.033,-8.02707,7.89207,0.667975,"X23103"
17.3757,14.0438,6.3797,-8.79332,-12.4448,12.5923,-1.88679,"X320247"
10.1932,-41.2967,28.0862,-14.5817,-3.89783,9.16934,-0.863482,"X762770"
4.54731,12.6171,17.4594,-23.9509,-13.0602,10.815,-1.48702,"X137389"
3.78818,10.8426,11.338,2.77156,11.056,12.4011,-0.426582,"X607360"
9.34046,-10.6725,19.1568,-12.9501,-10.1289,13.2502,-0.657246,"X751610"
6.68645,24.5097,3.67435,13.0757,3.41701,13.2501,-1.57241,"X204315"
22.8684,21.6341,-0.878823,2.98239,-10.5982,11.7985,-2.12953,"X665301"
9.41072,8.64423,0.80889200000000006,-20.5174,0.612068,13.1107,-1.27511,"X252862"
6.56555,8.26799,18.1096,1.37337,-1.14392,13.0744,-0.16658,"X161806"
4.06726,-0.439119,14.8443,-12.5817,16.08,11.7906,-1.05076,"X163377"
9.3693,27.7037,6.222,-4.61748,14.8543,12.3932,-0.412812,"X71549"
19.4825,5.7045,17.6631,-17.3027,3.48456,11.6513,0.241147,"X580098"
11.9329,-30.7152,33.0386,1.80755,-27.2588,9.2257,-1.37202,"X81080"
16.4802,-4.85575,15.0281,-40.3866,-20.0206,10.3904,-1.68052,"X622975"
23.219,26.179,24.6419,-30.2675,-8.60316,12.1321,-1.35241,"X348279"
20.9084,-8.34981,32.1691,-24.2289,0.958251,11.299,0.323213,"X93226"
17.5653,10.74,15.6983,-0.656797,18.3071,11.9071,0.234621,"X626202"
12.7052,15.7925,30.3777,1.34128,20.506,12.7281,0.0149613,"X709117"
24.6271,14.1166,17.1871,5.06242,23.9526,11.3747,-0.753512,"X286841"
16.8404,16.5293,4.75536,-19.1098,-13.1442,11.8189,-1.61803,"X292777"
13.9344,17.1948,6.51813,-24.9721,-0.602194,10.6629,-1.83284,"X539403"
22.6957,-21.9788,29.4451,-21.6569,-18.4539,10.4521,-0.336591,"X141083"
15.6188,13.7206,16.1433,-10.3652,7.44926,11.0618,0.0649117,"X370772"
18.732,7.0511,11.5409,-8.94776,9.185,12.6193,-0.0475777,"X602263"
16.1899,6.32338,20.9301,-21.326,0.465059,10.0755,-2.26867,"X567497"
20.3303,19.8466,12.0007,9.64272,-0.20881,11.8716,-2.00966,"X411636"
17.5486,18.1107,-8.686,-12.7552,17.8144,13.0655,-0.51177,"X715901"
23.431,-12.5671,3.644,-9.93072,8.40268,10.8304,0.00700421,"X104941"
21.0579,-7.03182,14.2226,-16.8521,-12.3327,10.8188,-1.44225,"X765083"
18.4852,5.73438,9.78357,4.67271,-6.85008,12.0942,-1.3617,"X221610"
22.5587,33.1977,-7.45767,-30.5978,-13.5283,11.1877,-1.63229,"X373981"
4.23605,-28.268,-24.3489,-25.8092,28.2923,9.11094,0.354359,"X859971"
19.7689,31.8055,3.80047,7.63823,37.2866,11.3385,-0.533766,"X584059"
18.5339,-41.5967,-20.0237,-16.6643,-2.19832,8.71391,0.0229464,"X26527"
28.6591,2.15169,29.739,-16.3166,5.33986,11.3599,-0.838236,"X289602"
20.1616,8.88988,27.5149,-11.6765,1.62725,11.1573,-0.676875,"X416262"
10.8177,16.4146,5.12307,-8.80464,12.3629,11.2111,-0.24935,"X780207"
25.6251,18.0834,9.92337,25.3149,4.68617,13.1316,-1.06933,"X61960"
34.7018,-5.47472,7.31551,-11.2681,-12.7267,10.8848,-0.581211,"X698677"
15.4329,19.1871,4.07232,-8.69123,-5.55783,12.2356,-0.374941,"X16205"
32.3214,14.05,13.8166,-13.5651,-15.0399,11.6313,-2.38776,"X199131"
22.0439,25.3487,7.67103,1.35233,14.4315,12.0975,-1.37729,"X33693"
40.0354,-6.13089,12.6853,-16.9241,-13.3268,11.3474,-0.918024,"X301033"
24.5108,3.0044400000000002,16.32,-15.7658,8.39455,11.7289,0.116459,"X744009"
14.9723,-46.9223,5.12805,4.65824,-7.45242,8.88175,-0.286251,"X341693"
19.2527,-9.94356,13.1394,10.3932,-10.1869,11.0978,0.127818,"X596186"
36.0927,0.230155,13.6322,-26.9706,7.16713,11.0103,-0.926093,"X119867"
20.6689,-75.6916,-29.109,33.6033,-11.0267,7.88262,0.567953,"X99995"
24.5855,12.6173,-14.743,-36.4657,-1.86973,11.0283,-1.31521,"X276199"
34.4569,-3.87709,29.5331,-1.62459,5.26476,12.0479,-0.0365264,"X273258"
21.2514,-12.0146,9.6456,-8.74469,13.7556,10.2668,-0.260744,"X438531"
28.2826,42.1441,-45.8262,9.64063,-19.666,13.2226,-2.29821,"X114134"
26.6465,-18.3822,-26.0669,-7.51759,7.21269,9.77269,0.303005,"X672962"
26.2441,-1.1168,24.4681,2.81885,-19.3671,11.3491,-1.18692,"X508847"
29.5306,2.81125,24.0588,3.48974,-5.01489,12.3906,0.10271,"X469327"
39.5465,-31.303,-17.577,-30.0378,14.9983,9.2599,0.684703,"X343003"
24.7718,34.8942,-35.9425,-16.6256,-35.0019,12.697,-2.96025,"X52626"
7.17442,-12.835,12.5847,9.43018,-12.8806,9.57082,0.236352,"X394522"
27.0496,7.77385,-10.5114,-23.3559,-1.67963,12.2489,-1.52536,"X619392"
19.223,-11.6843,10.6548,-18.6187,-25.2934,11.3948,-1.95141,"X663299"
16.2238,25.225,0.142275,24.8775,15.8377,12.5191,-0.0527917,"X92416"
26.2519,-55.9141,-36.3882,-11.4281,-18.6154,8.06878,0.58198,"X77530"
26.2383,-22.9574,-10.6197,-23.8511,7.10171,9.53335,0.60951,"X592631"
31.6179,4.90384,17.8587,-20.079,9.2503,12.269,-1.03953,"X232821"
25.3638,-0.330346,18.2726,-6.67413,7.19207,12.7083,-0.207305,"X291133"
37.813,17.5103,1.62623,16.1266,-13.2821,12.4813,-2.37796,"X670522"
32.6664,19.4893,-59.238,-17.9618,-61.5888,12.6978,-2.8643,"X189085"
21.5782,4.75555,-14.4804,-32.7002,-16.1578,11.046,-1.68182,"X480806"
33.6785,-6.33877,12.4566,-16.0183,-3.50303,12.0717,0.307877,"X454709"
24.8975,-17.5907,-3.42357,-18.868,0.0463676,11.4757,-0.37945,"X251160"
38.4716,8.14491,-3.84743,-1.05736,-21.8557,12.624,-1.53547,"X52030"
34.8557,-6.6946,-3.17577,-10.8383,6.23049,10.827,0.284013,"X257283"
37.2213,10.6426,13.9396,5.71467,17.27,13.2428,-0.923591,"X584594"
28.2668,2.32134,15,-16.575,-1.34675,11.9156,-1.04208,"X88158"
19.7829,3.4477,5.28024,-0.192532,17.0991,12.6392,-0.501781,"X98628"
30.4161,4.56981,8.96179,-22.3875,-28.7169,11.091,-2.18963,"X164221"
42.1852,10.4383,4.88712,10.9961,15.4909,11.7916,-0.802469,"X753401"
30.4595,11.8213,23.2064,-8.59978,14.8337,12.2915,-0.770282,"X675427"
28.1209,19.109,2.99094,-0.593318,24.0803,12.3276,0.365103,"X237246"
29.6546,7.59129,-5.92239,9.09609,3.2222,11.6755,0.0179782,"X119283"
20.9204,3.4418,13.6731,4.59862,-24.8793,11.6891,-2.38792,"X114294"
26.0236,-20.8432,-21.5007,9.27825,24.8025,9.03978,0.567681,"X382487"
32.7303,10.9101,14.3516,10.7311,32.5583,13.1225,-0.687825,"X65422"
24.4062,-52.2926,23.1148,-3.93983,-21.2921,9.18561,-0.826885,"X458795"
36.6251,5.40814,29.2113,-4.90517,5.05595,12.9409,-0.536589,"X67512"
32.8728,-15.4655,23.6765,-7.65009,-1.5238,10.1335,-0.13617,"X420169"
41.5878,3.63635,26.3927,1.0667,1.06858,12.9506,-1.82079,"X225030"
41.0862,5.18642,13.8524,-11.8054,-2.40418,12.9272,-0.959633,"X167625"
26.0646,24.2728,8.18894,7.3432,10.2348,12.8934,-1.0254,"X845918"
42.8824,-6.39848,17.2577,0.550061,4.64835,12.1159,-0.580758,"X669063"
45.4257,11.5401,20.9173,12.8587,6.86055,12.6769,-0.89643,"X713611"
37.0328,14.1345,6.47109,-1.08424,-9.39851,12.0023,-1.21774,"X853004"
41.0831,-0.721029,24.0511,7.26829,3.21872,12.632,-0.494097,"X667845"
36.7079,4.71626,0.192018,-20.1054,-2.86432,11.345,-1.18108,"X758627"
44.4623,-75.0437,-42.127,15.2718,-8.1244,8.0287,0.760063,"X505065"
40.6583,1.33771,10.2844,-8.53728,17.1764,11.8597,-0.372473,"X329159"
35.8589,6.31286,19.0722,-5.87469,-1.25668,12.1421,-1.02823,"X324734"
38.8983,-10.5397,7.81414,-5.28109,8.43525,11.5268,-0.0381377,"X323264"
42.3222,-5.92659,16.4918,-0.132131,-7.00742,11.8568,0.121191,"X864729"
41.2758,-0.389737,2.98357,-1.17767,-15.2224,11.3088,-0.886617,"X792166"
25.7956,-61.5615,-35.7891,20.0538,-0.814981,8.03148,0.612082,"X95898"
42.5939,-10.3565,28.4401,-9.4086,-2.83498,11.1,-0.1511,"X316466"
42.6969,16.5091,11.818,14.377,9.33158,12.5323,-0.744427,"X281119"
33.9464,-3.01335,8.52409,-20.2365,-1.29677,11.891,-0.337578,"X565798"
50.6124,-32.8881,-25.2907,-7.5966,7.15508,8.52764,0.653023,"X782716"
43.9254,-6.01317,1.2165,4.92345,7.81698,12.0056,-0.199304,"X252690"
55.0771,-5.9208,20.6963,-18.2126,-16.319,12.1321,-1.21899,"X209981"
47.3741,-3.59884,-4.23612,-8.91194,2.81295,13.0768,-1.13814,"X262504"
52.918,-1.24478,-0.257266,-26.9514,-23.5349,11.8096,-1.54774,"X611133"
37.3561,4.58316,12.7506,-0.703367,7.46713,12.102,-1.09333,"X437221"
38.7939,-25.808,-20.0215,-9.03704,-1.20742,9.12704,0.132814,"X427790"
42.2061,5.47517,12.4579,4.52998,20.0738,12.2507,-0.248111,"X843605"
10.3478,-56.6519,8.20815,12.9072,-19.1424,9.20964,-0.813231,"X872079"
44.3999,-3.58325,15.2987,-1.64079,3.34247,12.0477,-0.259674,"X565807"
50.6337,6.5216,11.8426,-6.01156,-0.185526,12.5361,-1.18001,"X61688"
37.1394,-35.2461,-1.33916,-9.9926,0.0604013,9.36832,0.272943,"X643703"
45.6646,-1.99722,17.0907,-0.0447429,8.28267,12.6583,-0.524369,"X453662"
46.5234,4.47149,1.79702,-2.90301,4.83825,12.7644,-0.67376,"X199459"
33.4544,-49.2548,-0.916475,1.12884,-2.46221,9.15248,-0.414123,"X644335"
42.8824,-6.1219,6.04732,5.3934,-24.9864,12.5568,-1.90507,"X111532"
45.7967,-5.3064,14.6672,-10.0416,-8.69303,12.3415,-0.835057,"X796391"
47.0558,-17.6079,20.6787,-5.62078,-5.36505,11.1264,0.0645384,"X728296"
52.9257,-2.52514,13.7652,5.58774,9.01554,12.3166,-0.238267,"X390376"
52.7026,-49.3986,-21.0032,6.16528,-1.06456,8.47096,0.490268,"X236767"
-165.353,31.3892,2.68014,20.395,25.642,9.46605,-2.76815,"X56955"
-178.199,2.20002,-23.1733,5.78867,28.4171,8.37543,-2.74233,"X759136"
-131.589,25.5424,20.7698,-1.58779,-22.6261,8.66314,-2.77563,"X563851"
-127.754,-15.5082,16.9075,23.5345,-5.4102,8.2717,-2.40076,"X500495"
-123.435,18.2885,-3.04971,-5.21191,-23.3652,8.97157,-2.89027,"X322713"
-109.894,-33.5947,-21.2961,21.971,20.4664,8.18978,-1.95465,"X318754"
-83.2779,-15.1073,-1.52782,-2.61531,-0.419468,8.72122,-1.33666,"X538436"
-110.733,-18.4687,16.3029,55.9259,-28.1933,8.42919,-2.79428,"X647571"
-107.022,4.96578,12.7288,38.8199,-8.82574,8.46808,-2.77382,"X858286"
-92.557,-40.2211,24.1568,36.2202,-19.1143,8.05416,-1.66358,"X200143"
-79.0416,-38.1437,5.95618,13.5766,-26.2439,8.10058,-1.4326,"X451598"
-101.81,-59.193,-28.7609,34.6701,4.51452,7.81883,-1.20253,"X846775"
-64.5641,35.9879,10.9327,4.99518,20.1744,10.2536,-2.61541,"X852547"
-73.7632,27.1158,-13.703,-19.5627,-0.250478,9.66533,-1.86221,"X573601"
-104.17,-15.0335,17.8738,12.5758,1.43122,8.40367,-2.62158,"X742282"
-106.435,28.7331,-43.7847,1.20275,-57.0611,10.0432,-3.17533,"X2096"
-81.4189,10.9016,-22.2866,-11.924,20.1206,9.58976,-2.10528,"X48710"
-90.4983,-11.4166,38.7208,30.9527,-44.875,8.61988,-2.81016,"X128540"
-75.4111,38.5339,-30.9535,-29.0137,-4.44964,10.0126,-2.20451,"X721745"
-87.5721,-52.6168,-7.26303,-10.1432,-8.41886,8.054,-0.987788,"X486221"
-72.8956,-21.6832,15.8537,0.819566,-28.016,8.25732,-1.9926,"X453547"
-66.9422,53.881100000000004,-26.1085,15.3214,-7.98472,12.5642,-2.81014,"X742977"
-59.8465,-51.1468,-1.99187,21.3219,-18.6316,7.89867,-1.3478,"X264469"
-71.6804,-22.0014,30.0369,25.8212,-31.3182,8.60121,-2.40539,"X398197"
-65.537,-14.8934,36.8892,12.9283,-43.1019,9.15237,-2.18954,"X508278"
-40.4961,27.0938,-5.11883,-0.214857,4.12595,11.0231,-2.84414,"X309749"
-61.9999,-34.3437,-27.5262,24.61,30.6871,8.40449,-0.555818,"X726561"
-90.9988,-24.6333,-23.8149,-14.3998,25.4376,8.81811,-0.671092,"X458241"
-48.1144,13.8801,-7.69564,-5.93399,12.6793,9.82013,-2.62035,"X714893"
-50.4345,-29.1468,6.27049,-6.56099,-21.8036,8.67884,-1.57164,"X748846"
-50.3521,26.2236,-0.942211,3.09712,37.8396,12.9342,-1.33869,"X469387"
-49.9929,-12.7122,37.7755,-0.451311,-22.4773,8.81429,-2.45663,"X8222"
-62.3606,-8.39212,-46.5548,5.11832,19.5821,7.95965,0.746514,"X11538"
-30.7173,25.5072,-16.8235,11.9598,39.8561,10.2167,-1.4996,"X395377"
-30.6063,-22.297,31.1303,-4.80459,-16.3568,9.20315,-1.9693,"X205550"
-37.2762,-8.26463,0.404237,9.25684,21.873,9.50292,-0.680669,"X118825"
-23.9596,-22.0452,40.6234,39.2983,-24.7274,8.82886,-2.19994,"X211495"
-28.5409,-4.76771,33.6294,1.35869,10.1658,9.71687,-2.00908,"X773064"
-61.2066,-38.3975,9.74829,-7.01085,-11.6687,8.4261,-1.48091,"X367423"
-39.4956,43.9218,-46.3157,-21.1341,-19.8281,13.1722,-3.05155,"X62083"
-25.6399,10.4646,12.2734,-21.2922,-15.2188,10.6424,-2.58793,"X549713"
-51.045,14.6886,-27.2609,-38.7054,13.0393,9.81211,-1.75998,"X573730"
-19.9797,12.7432,-4.77721,-24.637,-34.9404,11.2617,-2.26371,"X730517"
-42.3994,14.3148,0.0332191,19.6702,45.8468,10.7625,0.0364321,"X820155"
-64.5704,-80.4351,-45.6038,4.2247,-1.42796,7.90862,-0.938732,"X229292"
-14.8532,29.4843,9.45924,29.8587,-2.67844,11.4483,-2.12076,"X769827"
-33.8465,34.3241,-10.7388,-42.696,9.25521,10.0635,-2.33185,"X583182"
-43.4117,-35.0171,4.86507,-21.7015,-0.672163,8.64904,-1.1559,"X741474"
-58.6548,-29.9562,16.3101,22.6305,-12.1418,9.00953,-1.28433,"X171116"
-49.9913,-50.2555,-18.2706,3.13764,-13.8617,7.86229,-0.412661,"X859540"
-40.0242,-76.8392,-32.0524,-5.42361,17.7171,7.93703,-0.59382,"X568381"
-30.5519,14.3503,-19.8019,-31.3514,-37.0588,10.8106,-2.32107,"X842691"
-36.1984,-19.706,7.27322,-24.5999,-31.0279,10.2156,-2.09479,"X798001"
-22.6973,15.5218,-16.5752,-39.7126,-15.2067,10.5509,-2.47364,"X21045"
-38.2066,-23.6326,17.1942,-0.8587,12.0077,9.71831,-1.9709,"X92605"
-35.3944,18.5034,4.13113,-14.9758,14.6294,10.36,-1.3738,"X269115"
-3.73222,18.0392,2.62077,9.55288,5.93964,12.2033,0.172464,"X348227"
-30.6387,-15.8555,35.5401,31.7378,-28.0578,8.53347,-2.40919,"X271572"
-6.40783,20.9153,5.82733,22.0874,6.54064,12.9009,-1.72624,"X270155"
-41.7493,11.9378,-58.3668,-14.7883,-55.6737,10.2029,-3.00228,"X795016"
-42.8934,-65.5137,-3.03748,21.5529,-39.3244,8.04591,-0.86035,"X845033"
-26.3726,-6.76301,0.117303,-3.07941,32.2587,9.06903,-0.698566,"X133599"
-22.8984,-17.17,-8.37252,4.37564,0.893612,9.14535,-1.07624,"X81131"
-25.7599,45.0582,-0.751024,-10.0433,10.437,10.4102,-2.29317,"X81609"
-41.893,23.0954,5.53831,4.14785,28.693,13.0844,-0.145575,"X11775"
-40.1639,-19.2372,-18.5245,6.6007,-6.20217,8.73919,-1.03679,"X723394"
-31.1198,-9.57555,-14.2088,-6.0575,16.3986,10.0097,-2.44647,"X785999"
-35.9325,-34.3755,23.4385,4.62822,5.18028,8.76657,-0.718091,"X305189"
-25.4678,48.4174,-14.8329,-7.61967,1.98213,11.6719,-1.98653,"X176220"
-36.6262,-41.2194,-15.6256,3.35836,14.0904,9.0458,-0.435912,"X469694"
-23.0876,62.8295,-43.09,9.17968,-0.415925,13.2924,-2.6243,"X351182"
-21.9795,45.4889,-6.00196,-14.4437,21.5748,11.2394,-2.70043,"X687857"
-22.7237,37.0194,-1.6576,25.8443,16.8216,10.6585,-2.35586,"X204251"
-17.3788,-1.14699,12.8748,-20.5054,12.4292,9.48696,-2.76178,"X665525"
-25.6521,55.0114,-45.308,-4.66742,-0.0262529,13.1606,-2.54058,"X879674"
-10.0561,23.6976,-6.73857,-1.9303,15.4691,10.2907,-2.06353,"X680073"
-16.9991,3.96657,-8.50881,-34.3694,-15.234,11.3435,-1.85665,"X325514"
-11.694,-9.31456,27.5471,-8.95513,-12.1047,10.1019,-1.48069,"X380447"
-26.0565,-44.6001,10.3776,-8.9615,-7.23636,8.41625,-1.37768,"X109964"
1.1624,-0.667604,-0.459451,-24.9262,15.0347,9.90823,-1.81449,"X811486"
-25.449,18.2031,-9.19592,26.6198,24.3388,11.108,-0.432776,"X708580"
-10.4769,55.0137,-28.266,15.8038,7.95398,12.5576,-2.16466,"X270861"
-9.03191,-3.373,20.9318,-33.6511,-10.9748,10.1296,-2.62366,"X485389"
-21.8083,38.4784,-9.40567,8.11551,37.7389,11.1068,-0.577953,"X618571"
-13.88,39.5391,4.04617,14.4414,-4.26227,10.3636,-2.40272,"X504711"
-16.6896,-54.8758,-11.4273,-15.8662,6.82595,8.394,-0.646363,"X189687"
-9.21158,-5.98966,6.72089,10.4331,22.7182,10.102,-0.616517,"X861658"
4.90912,7.45772,-1.5293,-37.2037,-23.5455,10.5282,-1.74394,"X128617"
-11.6968,35.2135,5.41889,16.083,-4.77595,11.1936,-1.68655,"X524365"
-10.9761,-25.9415,-9.58243,17.522,5.95937,9.38124,0.325862,"X227904"
15.2425,16.8693,8.29496,18.857,32.8098,10.8469,-0.878611,"X751043"
4.08922,66.9374,-38.6249,-18.2728,-47.1176,13.1662,-3.01705,"X380325"
2.74008,0.0760135,15.7381,-25.5687,-2.45941,10.3693,-1.55514,"X808702"
7.98251,40.2183,-30.3369,21.9725,-6.42127,11.9003,-1.97058,"X805844"
-25.3934,39.0446,3.39639,9.57154,-3.99132,12.2554,-2.34159,"X354604"
-20.5676,44.4163,-38.2913,1.04754,-11.671,11.8092,-3.12224,"X354607"
-12.0443,-20.9264,2.70688,-5.2312,32.1194,10.5821,0.17123,"X278175"
-28.4395,-52.9836,-16.9213,-8.60555,7.4498,8.66962,-0.24637,"X693179"
-10.0205,58.5541,-49.0283,23.7928,-16.1491,13.1143,-2.5401,"X679694"
2.10568,3.1883,6.58375,2.01679,20.2912,10.6273,-0.920543,"X528327"
6.32043,-28.7575,-5.57468,-34.9601,-11.0753,9.8414,-1.60007,"X187183"
-3.66742,35.5987,-1.94446,-14.9624,20.5989,11.3947,-2.54693,"X420867"
5.71947,15.1495,-18.3218,9.84186,28.889,12.6958,-1.00217,"X805845"
14.8103,-49.5417,-49.6268,-14.8523,23.0549,8.14818,0.370407,"X210015"
-12.0293,36.6399,-22.0264,-11.665,22.5615,13.1174,-1.3154,"X381986"
0.232341,-38.4563,-46.5087,10.5747,22.67,8.24654,0.320689,"X259761"
20.9289,-3.31339,9.86163,21.3493,-2.45299,12.221,0.230241,"X404448"
-19.9419,-8.08784,-14.0962,-23.324,-21.1174,10.3891,-1.77114,"X880894"
5.92644,-1.45095,23.268,-4.77287,8.76931,11.1862,-0.836226,"X675358"
-6.54246,-5.4639,-1.45331,-9.39361,15.0218,9.49757,-1.60558,"X211471"
12.5695,-43.1595,29.0158,14.768,-36.2721,9.02895,-1.89689,"X126216"
10.9152,19.634,-19.4629,7.80182,-37.2247,11.7801,-2.49317,"X659611"
1.73077,22.0134,12.9404,-0.881996,20.3762,10.7787,-1.97983,"X508221"
1.00475,2.29516,16.3774,5.43287,4.89764,10.9469,-1.56196,"X252199"
16.9705,35.0599,-1.78372,10.5788,15.9653,12.2813,-0.00678391,"X209070"
10.4052,21.9163,4.16519,0.678006,-26.2112,11.4983,-1.65582,"X781932"
14.3475,17.1688,7.64619,1.25564,1.1269,11.3454,-1.93701,"X687341"
-1.33706,7.23557,18.142,0.435327,-19.0227,10.6255,-2.68986,"X514664"
4.52738,-25.1487,-1.25133,7.17666,15.5456,9.35586,-0.489785,"X747910"
10.1794,-31.1578,13.2626,-21.28,10.8136,8.79389,-0.810689,"X847003"
2.55286,17.9351,10.0843,22.7659,0.359952,11.1252,-1.85647,"X498496"
4.62494,13.9089,10.0462,10.0951,1.46273,11.6061,-0.919745,"X534552"
15.7553,32.1055,8.75543,10.0546,37.7729,13.1793,-0.777498,"X154733"
27.6514,-47.0908,-41.5864,35.3079,-1.57527,7.90594,0.703666,"X759710"
14.8582,-61.4918,-35.3392,6.55581,8.18929,8.39261,0.304675,"X308850"
6.75558,18.6171,-12.3921,-15.0124,-18.1953,10.4261,-1.66702,"X233698"
4.2013,-33.6564,0.738327,-5.30017,-2.33248,8.91171,-1.02305,"X196712"
-3.63668,53.5339,-24.6997,10.8003,-3.60785,13.3469,-2.35485,"X754063"
3.76213,0.0937476,15.7124,-3.18204,6.99684,11.0612,-0.145006,"X610136"
12.765,8.0345,6.34714,-8.15251,8.01651,12.1158,-1.93499,"X729631"
15.8531,15.5487,1.11842,24.8624,15.3013,11.8742,-2.14337,"X406995"
20.9974,20.3613,1.11462,17.4894,-0.249461,12.127,-1.50339,"X119170"
-14.8294,-20.8465,-5.06886,12.8286,34.0991,9.82887,0.123062,"X337750"
16.7211,-2.07894,4.01074,11.7901,3.47068,10.2732,-0.262847,"X132368"
11.5453,21.7782,14.703,0.237724,13.5773,11.8527,-1.30241,"X215378"
2.66667,7.97931,-3.84993,21.7623,-3.23786,10.5861,-0.589414,"X108484"
28.008,-45.5312,-39.4337,-16.2197,4.68339,8.12106,0.229765,"X270965"
3.31003,55.7134,-54.7281,-15.1804,-41.0893,13.1575,-2.95907,"X72765"
-3.85522,4.16141,9.50233,-0.555206,24.062,12.2044,-0.432701,"X243542"
-10.2845,-43.4206,-1.55238,1.38442,13.6733,8.95693,-0.236643,"X301866"
22.2719,38.1331,-17.9945,16.3165,7.36614,11.4862,-1.45287,"X620787"
11.0072,2.07405,5.0444,-15.85,7.10665,10.5434,-0.892417,"X7571"
6.04461,-14.6788,11.7525,9.59509,20.8907,11.5887,0.328641,"X246920"
7.11358,17.1633,8.33023,-17.6797,-7.31149,10.5047,-0.758231,"X255353"
0.660554,21.055,3.68049,11.2302,22.3961,12.7716,-0.254584,"X111216"
18.6474,2.37424,-3.26119,18.4316,15.5156,11.7255,-0.417634,"X852478"
21.0853,-6.38238,-5.91814,22.108,-11.7954,10.5958,-0.130428,"X596439"
28.8149,-1.44897,-13.7878,-13.6703,-20.6862,11.012,-2.18818,"X205650"
10.5297,-29.1597,17.2704,10.5777,19.1884,9.54973,-0.702629,"X530577"
-0.771482,-11.8228,-4.63593,1.8845,17.2046,9.94866,-1.10664,"X490412"
-4.89431,-10.2852,11.5594,-22.3928,5.33308,9.79913,-1.87378,"X175066"
21.8882,39.6083,-10.2268,25.1893,-6.29779,12.2555,-2.1062,"X188777"
10.2958,12.5833,11.2126,8.76042,7.36748,11.762,-0.384814,"X819388"
1.20621,1.59388,9.09394,15.2248,21.242,10.2018,-0.545373,"X624184"
0.0575481,16.6079,21.4413,5.3378,21.6273,13.1404,-0.295808,"X611814"
9.48704,7.66693,22.0227,3.26147,15.6912,11.3116,-0.0157291,"X61207"
19.2227,46.5899,-46.3547,18.7459,-30.0736,13.0266,-2.58475,"X196750"
21.7628,17.8371,-12.2989,-10.7931,-27.6781,11.7907,-1.83314,"X830879"
12.3245,8.24274,9.78009,17.824,8.73685,12.7592,-1.44,"X556835"
0.477514,27.1003,2.8804,-2.02328,-32.0761,11.1896,-2.07285,"X150580"
26.8265,-7.95684,16.676,-15.5159,-13.0556,10.178,-1.69477,"X67392"
5.08266,-53.5539,-27.2096,6.92927,20.1651,8.78926,-0.170255,"X883373"
19.5518,34.3733,-7.2343,27.304,17.2643,12.4816,-1.4754,"X876415"
12.0995,54.8731,-49.2327,4.69923,-20.4546,13.0862,-2.24212,"X245857"
15.3451,34.5532,-8.3382,25.6088,3.58854,12.3249,-2.38061,"X13216"
21.4627,11.6136,6.89514,-0.421909,14.2511,11.2623,-2.63783,"X321631"
18.7874,18.7585,15.2452,14.1233,10.0508,11.175,-1.48928,"X69544"
15.0983,-0.501189,-18.0824,27.4806,4.52851,12.307,-1.87066,"X257634"
17.1574,39.5129,-10.3366,34.7987,3.2453,12.5141,-1.03072,"X778104"
16.5407,-6.19099,1.39881,-9.619,6.8333,10.47,-0.63066,"X809181"
11.7281,14.5948,6.6899,-1.579,24.1636,12.9705,-0.360674,"X312998"
18.7714,0.520216,-9.00747,24.1307,11.5517,11.9779,-1.56409,"X777034"
11.5699,47.325,-37.1973,5.14318,-25.3038,12.9306,-2.8083,"X96652"
15.6669,38.7519,-27.5384,-4.58146,-13.4997,13.1101,-2.65409,"X871635"
0.972539,5.93143,-0.976779,13.0046,19.5418,11.4042,-0.361127,"X180725"
16.3277,28.4308,-21.8811,47.5687,-3.99091,12.3134,-2.52733,"X180967"
9.54157,34.8875,-0.0459163,8.31204,27.8851,11.5712,-0.944262,"X831262"
26.1194,33.6565,0.975646,2.94887,-0.265003,11.9461,-1.95658,"X591777"
-1.02458,-41.0089,-19.2228,-9.02076,23.687,9.40177,-0.111718,"X58493"
43.7664,4.28717,-17.5449,24.1062,-4.89923,12.1913,-1.84106,"X681051"
9.77411,16.6779,-24.2181,12.4203,-32.9445,10.2108,-0.919829,"X55355"
14.9507,-30.7284,10.7644,-1.59731,-9.53055,9.44851,-0.931603,"X369226"
12.4429,29.8178,8.05422,11.4769,15.9085,10.892,-0.804236,"X489201"
6.76403,12.8836,-7.81967,18.6954,20.9298,11.6989,0.26371,"X812592"
12.6095,23.0575,11.9838,10.9931,13.0503,12.6317,0.0749463,"X579294"
38.2616,26.871,-2.69045,20.0226,-3.57309,12.16,-1.36164,"X267788"
27.4884,-7.19717,21.4558,-2.52875,-2.75263,12.4038,-0.869428,"X346320"
20.0051,27.1171,-30.7606,-5.5244,-14.1213,13.2546,-3.07077,"X368240"
7.77989,-67.2611,-14.3096,-7.93372,-8.39094,7.92453,0.391484,"X161536"
30.1132,-39.3297,-0.115606,1.60534,-15.4649,9.37579,-0.818446,"X476517"
16.6012,15.629,2.73142,-9.61443,-28.1797,11.5358,-1.91776,"X160719"
22.0795,10.5349,-28.2619,-4.04175,-35.3129,12.8437,-2.69169,"X475668"
20.2726,14.5676,-14.4803,20.6997,4.48853,12.7775,-2.34477,"X608866"
17.9716,1.97747,-8.14058,-20.0646,3.60808,10.4434,-1.29655,"X228667"
20.5704,-27.3444,4.35753,9.87401,-16.0765,9.44839,-1.5079,"X83609"
33.6929,-19.2161,0.0116028,32.9263,8.3912,12.1502,-0.156366,"X324623"
21.8388,11.5056,1.82305,7.97069,23.2978,12.0724,-0.935234,"X576616"
23.6244,5.37667,-3.95235,-22.6277,-7.59565,10.9863,-1.40933,"X603935"
30.5923,8.23728,9.95805,0.929205,17.5119,11.0456,-0.494748,"X388847"
19.5532,37.3736,-21.6768,-22.4235,-16.5498,13.3219,-2.6068,"X288799"
14.9883,-12.5482,10.0831,-12.8871,-21.3595,10.4432,-1.92878,"X873881"
22.8592,-5.27521,21.4136,14.8423,-13.1458,11.5343,-1.78664,"X498689"
23.9743,1.0868,-0.671148,-2.04303,9.32231,11.1136,-0.886909,"X135013"
29.4799,7.01861,-3.38472,-9.93153,-0.00934157,12.0194,-0.749048,"X134510"
35.8167,3.20667,6.92339,5.92878,-18.2384,11.7774,-2.05739,"X72349"
16.275,-19.5034,7.25138,-9.11244,-5.34823,9.6661,-1.49063,"X83246"
9.96825,11.6358,-0.895228,11.7999,-0.922286,12.108,-1.83782,"X130643"
11.611,-25.4712,5.45423,11.1697,23.9038,9.25646,-0.399369,"X67520"
29.2551,-2.28709,14.4943,5.68723,6.48198,11.4675,-1.05268,"X596644"
40.532,-70.2115,-40.5467,6.73256,-10.149,8.09598,0.538813,"X121104"
36.31,7.96901,15.7367,-4.11794,-4.56837,10.7522,-1.05018,"X312409"
31.0876,37.9518,-20.5625,30.4581,-12.673400000000001,12.8745,-1.47153,"X780316"
26.8495,3.77413,-6.50932,9.39558,17.7955,11.2958,-2.29784,"X140791"
28.3793,0.88661,8.04134,-14.354,5.78983,10.4744,-0.632994,"X759113"
18.4764,21.327,5.07245,26.9903,23.8236,10.7588,-0.380233,"X843931"
29.6799,13.2217,6.95566,8.49785,9.99998,11.3466,0.104817,"X671197"
18.6097,22.0873,4.55145,15.6591,4.60651,12.351,0.214652,"X509167"
41.4405,16.4714,-10.0803,11.7006,-15.6618,12.8957,-2.10377,"X592660"
22.4034,31.8684,-4.1961,11.9183,-8.04607,11.6359,-2.23893,"X295939"
25.7097,19.5327,4.77146,30.7128,15.5542,13.0888,-0.837745,"X487659"
19.3871,-9.54502,14.9085,-14.2111,-9.21779,10.7292,-1.18052,"X114763"
22.7598,20.8897,4.40747,14.903,9.07168,11.6375,-1.03025,"X650395"
53.809,-2.65218,14.6944,10.8103,-20.3385,11.5737,-1.34955,"X620357"
41.5973,0.777283,5.7854,11.9587,2.32373,11.5319,-1.23416,"X531398"
29.03,1.92133,-2.32223,9.3945900000000009,4.3949,11.4352,-0.339301,"X78210"
44.6308,24.6241,4.78989,-11.5288,-10.3428,11.5725,-1.56712,"X402499"
18.2996,-16.419,4.31867,21.9503,-19.303,9.27358,-1.56977,"X783355"
37.9687,15.1261,14.4303,21.7739,6.81765,12.4511,-1.33015,"X336673"
42.3394,40.3064,-51.4152,-8.96874,-46.8416,12.9217,-2.81546,"X584433"
24.495,16.3003,1.4089,16.323,16.0174,12.5272,-0.99015,"X289039"
35.209,-1.19324,7.03896,3.59015,-6.22037,11.1035,-1.20633,"X18919"
31.9333,-26.7087,-1.00888,-7.44084,-3.08879,9.49222,-0.685229,"X880680"
36.6324,11.4625,8.79541,9.29799,3.41001,12.6691,-1.17913,"X798249"
36.7734,12.7003,-8.80072,18.447,16.9556,12.5511,-1.28744,"X884407"
34.4173,-31.2707,-60.8373,6.66928,-14.9744,8.00424,0.576867,"X74357"
54.0362,3.68211,11.8232,19.8178,-2.86965,12.2447,-0.983056,"X409174"
39.9572,11.6807,12.4456,15.8085,3.77124,11.7072,-0.931307,"X426714"
33.1807,0.264959,20.1381,-1.54142,-29.1527,11.2333,-2.034,"X57086"
40.0401,6.40911,9.44587,10.7654,-21.3065,12.703,-1.8916,"X405160"
16.6078,11.1813,10.8188,-5.66219,23.2627,10.5982,-0.497826,"X70313"
37.3048,-0.0897684,7.39741,37.687,4.79055,12.2702,-0.958449,"X533773"
35.6677,2.18754,12.4296,11.934,-15.6969,11.3245,-1.81368,"X746883"
35.669,4.49539,0.910171,27.8776,-4.13607,11.3755,-0.502397,"X769324"
30.8571,-13.7349,10.6479,-4.49448,-37.6417,10.7761,-1.91186,"X608463"
24.4524,3.40935,-4.76402,-4.5026,5.03234,10.5361,-1.42917,"X676890"
9.32018,5.70729,-40.902,34.8888,-32.5488,9.96852,-0.309226,"X370320"
35.0261,-7.2014,14.9114,13.7756,4.28007,11.423400000000001,-0.38667,"X864540"
26.583,-12.301,3.25138,14.2892,23.3421,9.87815,-0.419765,"X789799"
38.724,1.89757,20.9797,2.43576,5.88211,11.5426,-0.930701,"X331982"
39.8677,5.72006,-5.64596,9.71593,-0.584974,12.7043,-1.59033,"X430992"
30.8557,28.1725,-15.8222,28.8669,-11.6948,12.294,-0.562911,"X610496"
30.1137,-26.2156,-18.2274,16.5881,25.4543,9.07543,0.570112,"X143718"
31.7015,-35.1783,-13.7927,17.2308,6.57559,9.0105,-0.0805073,"X285250"
32.5032,39.8372,-24.888,27.9732,-17.1247,12.2645,-2.55041,"X67175"
29.4917,-35.7001,1.69344,20.7898,-3.14225,9.76373,-0.446185,"X486884"
33.1392,11.0098,6.10804,24.2358,23.9446,12.5405,-0.424544,"X303346"
47.5833,-9.3795,13.1213,-1.71122,-8.49693,11.4559,-0.379313,"X713974"
40.6129,-13.7539,-6.33398,-10.0969,-1.89022,10.8647,-1.2415,"X72567"
35.1754,-15.6627,13.7236,-0.775717,-12.855,10.2883,-1.57117,"X40818"
25.9314,14.3174,4.93123,34.443,18.0996,12.057,-0.632285,"X786070"
33.6155,-47.7617,-10.1088,19.366,11.935,8.54082,0.553581,"X69192"
42.81,13.5651,2.86065,10.6484,3.08252,12.0726,-1.19837,"X469790"
38.2483,4.30385,8.14348,23.1091,7.88251,12.8608,-1.3488,"X245222"
29.4098,-28.1847,-14.1309,13.0841,0.630538,9.68027,0.184977,"X382484"
25.68,-2.8941,-3.17952,16.1948,5.29924,10.9589,-1.32936,"X830512"
40.1664,29.8789,-2.00143,9.99064,-13.7555,11.6565,-1.41168,"X505417"
39.6532,3.04779,9.91554,3.56617,-28.5808,11.768,-1.79667,"X880014"
31.9355,-57.7372,-37.631,25.6081,13.4427,8.65796,0.233031,"X129679"
31.0076,-48.7689,-3.23314,-1.52594,-13.2287,8.67971,-0.696739,"X128877"
41.2747,-50.4831,-34.4823,4.51499,6.4775,8.44543,0.617397,"X740499"
40.0185,-62.8092,-36.3127,10.124,8.31338,8.11783,0.471918,"X528875"
39.6744,-44.0333,12.3514,0.110049,-2.54268,8.96387,-0.616006,"X272871"
41.909,13.8286,-5.88851,7.87266,4.09023,11.4253,-0.551347,"X724023"
26.3534,-0.107545,6.8332,32.0907,2.0975,10.9104,-0.096306,"X409850"
50.1174,-3.09246,10.753,18.5335,-3.36958,12.4026,-0.756416,"X697960"
40.633,-9.37728,-5.74041,-21.3315,-13.9925,11.3823,-1.42599,"X407974"
37.2064,50.6679,-52.3141,27.077,-19.6786,12.9284,-2.30731,"X751122"
32.2594,-39.2817,-12.0626,1.76081,0.441012,8.92419,0.187026,"X458864"
56.0274,19.4024,-6.11065,28.4266,-14.2068,12.4239,-2.04381,"X195671"
37.7311,9.38053,-3.72626,38.4971,6.05139,12.0004,-0.595693,"X9206"
39.9793,-21.8818,-10.1847,22.2333,14.1857,10.2446,0.255953,"X840787"
48.3737,-12.2672,2.22095,2.52201,-13.2398,11.2419,-1.90208,"X127066"
41.174,7.63024,8.8554,25.1255,8.83402,12.341,-0.493375,"X250036"
49.4834,-23.1832,1.53448,9.05506,-1.90841,10.9043,0.0242212,"X722625"
42.3373,-18.2549,22.5254,-14.3285,-9.37552,10.0675,-1.25023,"X34370"
52.3861,8.81999,8.49574,31.0884,-0.476976,12.2781,-0.581713,"X772030"
38.6613,18.9884,-8.85542,18.5958,-0.748217,13.1867,-2.16423,"X416482"
34.6856,-57.6996,-5.53658,-4.15352,-4.42402,8.83433,-0.658362,"X877211"
46.3623,-48.1631,-23.627,12.9949,-30.1465,8.16976,0.496368,"X729978"
32.9688,-39.1292,23.9057,25.7406,-31.6274,8.75466,-2.10359,"X822684"
36.3349,-22.8182,-9.54247,22.5766,11.7638,9.26278,0.315541,"X222047"
36.6919,12.2843,-61.9538,14.2999,-16.6485,12.8895,-2.74552,"X73563"
49.1674,3.28392,-4.43988,10.9389,2.02471,12.2324,-0.881718,"X132690"
45.4894,-1.39805,23.5198,-9.76237,-2.17063,10.7538,-0.791212,"X688360"
50.0656,-64.2498,-48.1391,19.2041,7.93398,8.11325,0.659069,"X110851"
37.1079,-61.8417,-37.2914,3.62162,-0.265866,7.98951,0.551003,"X601103"
40.5554,0.652309,7.38159,13.7864,-18.3315,11.7535,-1.07056,"X338786"
46.4404,3.43074,-8.66494,17.8156,-13.2328,11.2838,-0.779496,"X235215"
40.9982,18.618,3.81175,11.9377,6.07733,12.1135,-1.12922,"X312506"
35.7278,-7.83466,5.41967,14.9283,6.25349,10.8015,0.0610367,"X421234"
45.1462,-23.808,-7.6852,27.0431,17.1691,11.0845,0.385472,"X235046"
55.6019,-7.60514,20.6527,15.7905,-4.02459,11.2847,0.0196266,"X421944"
44.7213,-29.8694,7.97494,22.4966,-13.7577,10.38,-0.194092,"X438988"
45.1018,-5.8361,-4.02624,31.8029,23.6903,12.1266,-0.23803,"X416661"
45.3148,-4.60027,14.4702,3.92593,3.25011,11.6733,-0.588562,"X312101"
51.0968,-37.8527,-46.1005,-2.00601,22.5807,8.40637,0.761904,"X259484"
54.1557,5.49291,5.02417,-6.7556,-3.87563,12.2917,-0.933269,"X858321"
49.0326,19.2279,2.40646,23.2083,14.0358,12.5772,-0.697172,"X438943"
49.2931,3.65651,-2.78658,32.8165,0.254013,12.7185,-0.693145,"X761876"
43.0472,-44.3408,-32.0588,8.27002,26.727,8.94327,0.321642,"X368333"
47.5319,-4.65745,5.64635,24.0565,15.1184,12.3599,-0.0260776,"X673185"
45.4664,-18.8958,-22.1262,20.1774,7.53042,9.21982,0.274518,"X308113"
47.4802,-8.56686,-0.662887,34.7708,7.63317,12.4147,-0.107228,"X295504"
57.9449,3.06468,10.1874,7.30884,-11.2547,11.5183,-1.24258,"X435470"
58.2242,5.59082,5.26629,0.623376,-0.334539,12.379,-0.343258,"X602732"
37.2927,4.29939,1.81944,17.6257,-21.6496,11.7153,-0.662334,"X648875"
57.2616,4.49408,4.97026,18.1679,9.28624,12.134,-0.48487,"X214286"
47.5731,-13.8749,3.20713,13.2162,6.38254,11.411,-0.259582,"X448541"
57.7191,-26.8997,-14.8544,-7.38477,-11.544,10.1533,0.346276,"X67962"
50.9613,-1.55641,7.95872,4.20762,0.572925,11.9699,-0.867532,"X390042"
47.6083,3.22852,4.24934,21.8806,-0.789,11.8334,-0.604265,"X882374"
52.803,-7.1121,3.98903,7.85144,5.12714,11.53,0.105082,"X148552"
51.2349,23.8353,-13.721,5.30648,-35.5826,13.0723,-1.89652,"X241476"
35.7789,26.0293,-20.8317,32.5502,-18.3375,12.9076,-1.93489,"X160161"
54.9917,-49.0863,-42.9706,4.84094,5.33331,8.10569,0.664643,"X711654"
42.0572,-13.6003,4.02471,28.5419,20.1682,11.1563,0.366783,"X656219"
58.558,0.776491,6.29494,7.67219,-0.370246,11.8354,-0.837823,"X846152"
42.6437,-27.505,-7.32978,-13.3816,7.39701,10.1904,0.251619,"X380881"
56.8986,-39.8517,-26.1499,11.1582,12.1589,9.02789,0.424343,"X655805"
57.6908,-18.9958,15.2115,2.82896,-6.01581,11.0271,-0.648655,"X177251"
